<?xml version="1.0" encoding="UTF-8"?>
<!DOCTYPE editor_palette_item PUBLIC "-//NetBeans//Editor Palette Item 1.1//EN"
  "http://www.netbeans.org/dtds/editor-palette-item-1_1.dtd">

<editor_palette_item version="1.0">
    <body>
        <![CDATA[<?php $this->BcBaser->title() ?>]]>
    </body>
    <icon16 urlvalue="org/cakephp/netbeans/basercms/ui/resources/basercms_icon_16.png" />
    <icon32 urlvalue="org/cakephp/netbeans/basercms/ui/resources/basercms_icon_32.png" />
    <inline-description>
        <display-name>title</display-name>
        <tooltip>
            <![CDATA[<?php $this->BcBaser->title() ?>]]>
        </tooltip>
    </inline-description>
</editor_palette_item>