<?xml version="1.0" encoding="UTF-8"?>
<!--
DO NOT ALTER OR REMOVE COPYRIGHT NOTICES OR THIS HEADER.

Copyright 2012 Oracle and/or its affiliates. All rights reserved.

Oracle and Java are registered trademarks of Oracle and/or its affiliates.
Other names may be trademarks of their respective owners.

The contents of this file are subject to the terms of either the GNU
General Public License Version 2 only ("GPL") or the Common
Development and Distribution License("CDDL") (collectively, the
"License"). You may not use this file except in compliance with the
License. You can obtain a copy of the License at
http://www.netbeans.org/cddl-gplv2.html
or nbbuild/licenses/CDDL-GPL-2-CP. See the License for the
specific language governing permissions and limitations under the
License.  When distributing the software, include this License Header
Notice in each file and include the License file at
nbbuild/licenses/CDDL-GPL-2-CP.  Oracle designates this
particular file as subject to the "Classpath" exception as provided
by Oracle in the GPL Version 2 section of the License file that
accompanied this code. If applicable, add the following below the
License Header, with the fields enclosed by brackets [] replaced by
your own identifying information:
"Portions Copyrighted [year] [name of copyright owner]"

If you wish your version of this file to be governed by only the CDDL
or only the GPL Version 2, indicate your decision by adding
"[Contributor] elects to include this software in this distribution
under the [CDDL or GPL Version 2] license." If you do not indicate a
single choice of license, a recipient has the option to distribute
your version of this file under either the CDDL, the GPL Version 2 or
to extend the choice of license to its licensees as provided above.
However, if you add GPL Version 2 code and therefore, elected the GPL
Version 2 license, then the option applies only if the new code is
made subject to such option by the copyright holder.

Contributor(s):

Portions Copyrighted 2012 Sun Microsystems, Inc.
-->
<!DOCTYPE filesystem PUBLIC "-//NetBeans//DTD Filesystem 1.2//EN" "http://www.netbeans.org/dtds/filesystem-1_2.dtd">
<filesystem>
    <folder name="Actions">
        <folder name="PHP">
            <file name="org-cakephp-netbeans-ui-actions-CakePhpBaseMenuAction.instance"/>
            <file name="org-cakephp-netbeans-ui-actions-CakePhpRunCommandAction.instance">
                <attr name="instanceCreate" methodvalue="org.cakephp.netbeans.ui.actions.CakePhpRunCommandAction.getInstance"/>
            </file>
            <file name="org-cakephp-netbeans-ui-actions-ClearCacheAction.instance">
                <attr name="instanceCreate" methodvalue="org.cakephp.netbeans.ui.actions.ClearCacheAction.getInstance"/>
            </file>
            <file name="org-cakephp-netbeans-ui-wizards-InstallPluginsWizardAction.instance_hidden"/>
            <file name="org-cakephp-netbeans-ui-wizards-InstallPluginsWizardAction.instance">
                <attr name="displayName" stringvalue="Open InstallPlugins Wizard"/>
                <attr name="instanceCreate" methodvalue="org.openide.awt.Actions.alwaysEnabled"/>
                <attr name="noIconInMenu" boolvalue="false"/>
            </file>
        </folder>
    </folder>
    <folder name="Editors">
        <folder name="text">
            <folder name="html">
                <folder name="CodeTemplates">
                    <folder name="Defaults">
                        <file name="cakephp-html-code-templates.xml" url="cakephp-html-code-templates.xml"/>
                    </folder>
                </folder>
            </folder>
            <folder name="x-php5">
                <folder name="CodeTemplates">
                    <folder name="Defaults">
                        <file name="cakephp-php-code-templates.xml" url="cakephp-php-code-templates.xml"/>
                    </folder>
                </folder>
            </folder>
        </folder>
    </folder>
    <!--    <folder name="Loaders">
        <folder name="text">
            <folder name="x-php5">
                <folder name="Actions">
                    <file name="org-openide-actions-CopyAction.shadow">
                        <attr name="originalFile" stringvalue="Actions/Edit/org-openide-actions-CopyAction.instance"/>
                        <attr name="position" intvalue="400"/>
                    </file>
                    <file name="org-openide-actions-CutAction.shadow">
                        <attr name="originalFile" stringvalue="Actions/Edit/org-openide-actions-CutAction.instance"/>
                        <attr name="position" intvalue="300"/>
                    </file>
                    <file name="org-openide-actions-DeleteAction.shadow">
                        <attr name="originalFile" stringvalue="Actions/Edit/org-openide-actions-DeleteAction.instance"/>
                        <attr name="position" intvalue="600"/>
                    </file>
                    <file name="org-openide-actions-FileSystemAction.shadow">
                        <attr name="originalFile" stringvalue="Actions/System/org-openide-actions-FileSystemAction.instance"/>
                        <attr name="position" intvalue="1100"/>
                    </file>
                    <file name="org-openide-actions-OpenAction.shadow">
                        <attr name="originalFile" stringvalue="Actions/System/org-openide-actions-OpenAction.instance"/>
                        <attr name="position" intvalue="100"/>
                    </file>
                    <file name="org-openide-actions-PropertiesAction.shadow">
                        <attr name="originalFile" stringvalue="Actions/System/org-openide-actions-PropertiesAction.instance"/>
                        <attr name="position" intvalue="1400"/>
                    </file>
                    <file name="org-openide-actions-RenameAction.shadow">
                        <attr name="originalFile" stringvalue="Actions/System/org-openide-actions-RenameAction.instance"/>
                        <attr name="position" intvalue="700"/>
                    </file>
                    <file name="org-openide-actions-SaveAsTemplateAction.shadow">
                        <attr name="originalFile" stringvalue="Actions/System/org-openide-actions-SaveAsTemplateAction.instance"/>
                        <attr name="position" intvalue="900"/>
                    </file>
                    <file name="org-openide-actions-ToolsAction.shadow">
                        <attr name="originalFile" stringvalue="Actions/System/org-openide-actions-ToolsAction.instance"/>
                        <attr name="position" intvalue="1300"/>
                    </file>
                    <file name="sep-1.instance">
                        <attr name="instanceClass" stringvalue="javax.swing.JSeparator"/>
                        <attr name="position" intvalue="200"/>
                    </file>
                    <file name="sep-2.instance">
                        <attr name="instanceClass" stringvalue="javax.swing.JSeparator"/>
                        <attr name="position" intvalue="500"/>
                    </file>
                    <file name="sep-3.instance">
                        <attr name="instanceClass" stringvalue="javax.swing.JSeparator"/>
                        <attr name="position" intvalue="800"/>
                    </file>
                    <file name="sep-4.instance">
                        <attr name="instanceClass" stringvalue="javax.swing.JSeparator"/>
                        <attr name="position" intvalue="1000"/>
                    </file>
                    <file name="sep-5.instance">
                        <attr name="instanceClass" stringvalue="javax.swing.JSeparator"/>
                        <attr name="position" intvalue="1200"/>
                    </file>
                </folder>
                <folder name="Factories">
                    <file name="CtpDataLoader.instance">
                        <attr name="SystemFileSystem.icon" urlvalue="nbresloc:/org/cakephp/netbeans/resources/php_icon.png"/>
                        <attr name="dataObjectClass" stringvalue="org.cakephp.netbeans.resources.CtpDataObject"/>
                        <attr name="instanceCreate" methodvalue="org.openide.loaders.DataLoaderPool.factory"/>
                        <attr name="mimeType" stringvalue="text/x-php5"/>
                    </file>
                </folder>
            </folder>
        </folder>
    </folder>-->
    <folder name="Services">
        <folder name="MIMEResolver">
            <file name="CtpResolver.xml" url="CtpResolver.xml">
                <attr name="displayName" bundlevalue="org.cakephp.netbeans.resources.Bundle#Services/MIMEResolver/CtpResolver.xml"/>
            </file>
        </folder>
    </folder>
    <folder name="Templates">
        <folder name="CakePHP Framework">
            <file name="CtpTemplate.ctp" url="templates/cakephp/CtpTemplate.ctp">
                <attr name="displayName" bundlevalue="org.cakephp.netbeans.resources.Bundle#Templates/CakePHP/CtpTemplate.ctp"/>
                <attr name="template" boolvalue="true"/>
                <attr name="SystemFileSystem.localizingBundle" stringvalue="org.cakephp.netbeans.resources.Bundle"/>
                <attr name="SystemFileSystem.icon" urlvalue="nbresloc:/org/cakephp/netbeans/resources/ctp_icon.png"/>
                <attr name="position" intvalue="100"/>
                <attr name="templateWizardURL" urlvalue="nbresloc:/org/cakephp/netbeans/resources/templates/cakephp/CtpTemplateDescription.html"/>
            </file>
            <file name="Helper.php" url="templates/cakephp/Helper.php">
                <attr name="displayName" bundlevalue="org.cakephp.netbeans.resources.Bundle#Templates/CakePHP/Helper.php"/>
                <attr name="template" boolvalue="true"/>
                <attr name="SystemFileSystem.localizingBundle" stringvalue="org.cakephp.netbeans.resources.Bundle"/>
                <attr name="SystemFileSystem.icon" urlvalue="nbresloc:/org/cakephp/netbeans/resources/php_icon.png"/>
                <attr name="position" intvalue="200"/>
                <attr name="templateWizardURL" urlvalue="nbresloc:/org/cakephp/netbeans/resources/templates/cakephp/HelperDescription.html"/>
                <!--Use this line only if your template makes use of the FreeMarker template language:-->
                <attr name="javax.script.ScriptEngine" stringvalue="freemarker"/>
            </file>
            <file name="Component.php" url="templates/cakephp/Component.php">
                <attr name="displayName" bundlevalue="org.cakephp.netbeans.resources.Bundle#Templates/CakePHP/Component.php"/>
                <attr name="template" boolvalue="true"/>
                <attr name="SystemFileSystem.localizingBundle" stringvalue="org.cakephp.netbeans.resources.Bundle"/>
                <attr name="SystemFileSystem.icon" urlvalue="nbresloc:/org/cakephp/netbeans/resources/php_icon.png"/>
                <attr name="position" intvalue="300"/>
                <attr name="templateWizardURL" urlvalue="nbresloc:/org/cakephp/netbeans/resources/templates/cakephp/ComponentDescription.html"/>
                <attr name="javax.script.ScriptEngine" stringvalue="freemarker"/>
            </file>
            <file name="Behavior.php" url="templates/cakephp/Behavior.php">
                <attr name="displayName" bundlevalue="org.cakephp.netbeans.resources.Bundle#Templates/CakePHP/Behavior.php"/>
                <attr name="template" boolvalue="true"/>
                <attr name="SystemFileSystem.localizingBundle" stringvalue="org.cakephp.netbeans.resources.Bundle"/>
                <attr name="SystemFileSystem.icon" urlvalue="nbresloc:/org/cakephp/netbeans/resources/php_icon.png"/>
                <attr name="position" intvalue="400"/>
                <attr name="templateWizardURL" urlvalue="nbresloc:/org/cakephp/netbeans/resources/templates/cakephp/BehaviorDescription.html"/>
                <attr name="javax.script.ScriptEngine" stringvalue="freemarker"/>
            </file>
            <file name="Shell.php" url="templates/cakephp/Shell.php">
                <attr name="displayName" bundlevalue="org.cakephp.netbeans.resources.Bundle#Templates/CakePHP/Shell.php"/>
                <attr name="template" boolvalue="true"/>
                <attr name="SystemFileSystem.localizingBundle" stringvalue="org.cakephp.netbeans.resources.Bundle"/>
                <attr name="SystemFileSystem.icon" urlvalue="nbresloc:/org/cakephp/netbeans/resources/php_icon.png"/>
                <attr name="position" intvalue="500"/>
                <attr name="templateWizardURL" urlvalue="nbresloc:/org/cakephp/netbeans/resources/templates/cakephp/ShellDescription.html"/>
                <attr name="javax.script.ScriptEngine" stringvalue="freemarker"/>
            </file>
            <file name="Task.php" url="templates/cakephp/Task.php">
                <attr name="displayName" bundlevalue="org.cakephp.netbeans.resources.Bundle#Templates/CakePHP/Task.php"/>
                <attr name="template" boolvalue="true"/>
                <attr name="SystemFileSystem.localizingBundle" stringvalue="org.cakephp.netbeans.resources.Bundle"/>
                <attr name="SystemFileSystem.icon" urlvalue="nbresloc:/org/cakephp/netbeans/resources/php_icon.png"/>
                <attr name="position" intvalue="600"/>
                <attr name="templateWizardURL" urlvalue="nbresloc:/org/cakephp/netbeans/resources/templates/cakephp/TaskDescription.html"/>
                <attr name="javax.script.ScriptEngine" stringvalue="freemarker"/>
            </file>
        </folder>
        <folder name="CakePHP2 Framework">
            <file name="CtpTemplate.ctp" url="templates/cakephp2/CtpTemplate.ctp">
                <attr name="displayName" bundlevalue="org.cakephp.netbeans.resources.Bundle#Templates/CakePHP/CtpTemplate.ctp"/>
                <attr name="template" boolvalue="true"/>
                <attr name="SystemFileSystem.localizingBundle" stringvalue="org.cakephp.netbeans.resources.Bundle"/>
                <attr name="SystemFileSystem.icon" urlvalue="nbresloc:/org/cakephp/netbeans/resources/ctp_icon.png"/>
                <attr name="position" intvalue="100"/>
                <attr name="templateWizardURL" urlvalue="nbresloc:/org/cakephp/netbeans/resources/templates/cakephp2/CtpTemplateDescription.html"/>
            </file>
            <file name="Controller.php" url="templates/cakephp2/Controller.php">
                <attr name="displayName" bundlevalue="org.cakephp.netbeans.resources.Bundle#Templates/CakePHP/Controller.php"/>
                <attr name="template" boolvalue="true"/>
                <attr name="SystemFileSystem.localizingBundle" stringvalue="org.cakephp.netbeans.resources.Bundle"/>
                <attr name="SystemFileSystem.icon" urlvalue="nbresloc:/org/cakephp/netbeans/resources/php_icon.png"/>
                <attr name="position" intvalue="110"/>
                <attr name="templateWizardURL" urlvalue="nbresloc:/org/cakephp/netbeans/resources/templates/cakephp2/ControllerDescription.html"/>
                <!--Use this line only if your template makes use of the FreeMarker template language:-->
                <attr name="javax.script.ScriptEngine" stringvalue="freemarker"/>
            </file>
            <file name="Model.php" url="templates/cakephp2/Model.php">
                <attr name="displayName" bundlevalue="org.cakephp.netbeans.resources.Bundle#Templates/CakePHP/Model.php"/>
                <attr name="template" boolvalue="true"/>
                <attr name="SystemFileSystem.localizingBundle" stringvalue="org.cakephp.netbeans.resources.Bundle"/>
                <attr name="SystemFileSystem.icon" urlvalue="nbresloc:/org/cakephp/netbeans/resources/php_icon.png"/>
                <attr name="position" intvalue="120"/>
                <attr name="templateWizardURL" urlvalue="nbresloc:/org/cakephp/netbeans/resources/templates/cakephp2/ModelDescription.html"/>
                <!--Use this line only if your template makes use of the FreeMarker template language:-->
                <attr name="javax.script.ScriptEngine" stringvalue="freemarker"/>
            </file>
            <file name="Helper.php" url="templates/cakephp2/Helper.php">
                <attr name="displayName" bundlevalue="org.cakephp.netbeans.resources.Bundle#Templates/CakePHP/Helper.php"/>
                <attr name="template" boolvalue="true"/>
                <attr name="SystemFileSystem.localizingBundle" stringvalue="org.cakephp.netbeans.resources.Bundle"/>
                <attr name="SystemFileSystem.icon" urlvalue="nbresloc:/org/cakephp/netbeans/resources/php_icon.png"/>
                <attr name="position" intvalue="200"/>
                <attr name="templateWizardURL" urlvalue="nbresloc:/org/cakephp/netbeans/resources/templates/cakephp2/HelperDescription.html"/>
                <!--Use this line only if your template makes use of the FreeMarker template language:-->
                <attr name="javax.script.ScriptEngine" stringvalue="freemarker"/>
            </file>
            <file name="Component.php" url="templates/cakephp2/Component.php">
                <attr name="displayName" bundlevalue="org.cakephp.netbeans.resources.Bundle#Templates/CakePHP/Component.php"/>
                <attr name="template" boolvalue="true"/>
                <attr name="SystemFileSystem.localizingBundle" stringvalue="org.cakephp.netbeans.resources.Bundle"/>
                <attr name="SystemFileSystem.icon" urlvalue="nbresloc:/org/cakephp/netbeans/resources/php_icon.png"/>
                <attr name="position" intvalue="300"/>
                <attr name="templateWizardURL" urlvalue="nbresloc:/org/cakephp/netbeans/resources/templates/cakephp2/ComponentDescription.html"/>
                <attr name="javax.script.ScriptEngine" stringvalue="freemarker"/>
            </file>
            <file name="Behavior.php" url="templates/cakephp2/Behavior.php">
                <attr name="displayName" bundlevalue="org.cakephp.netbeans.resources.Bundle#Templates/CakePHP/Behavior.php"/>
                <attr name="template" boolvalue="true"/>
                <attr name="SystemFileSystem.localizingBundle" stringvalue="org.cakephp.netbeans.resources.Bundle"/>
                <attr name="SystemFileSystem.icon" urlvalue="nbresloc:/org/cakephp/netbeans/resources/php_icon.png"/>
                <attr name="position" intvalue="400"/>
                <attr name="templateWizardURL" urlvalue="nbresloc:/org/cakephp/netbeans/resources/templates/cakephp2/BehaviorDescription.html"/>
                <attr name="javax.script.ScriptEngine" stringvalue="freemarker"/>
            </file>
            <file name="Shell.php" url="templates/cakephp2/Shell.php">
                <attr name="displayName" bundlevalue="org.cakephp.netbeans.resources.Bundle#Templates/CakePHP/Shell.php"/>
                <attr name="template" boolvalue="true"/>
                <attr name="SystemFileSystem.localizingBundle" stringvalue="org.cakephp.netbeans.resources.Bundle"/>
                <attr name="SystemFileSystem.icon" urlvalue="nbresloc:/org/cakephp/netbeans/resources/php_icon.png"/>
                <attr name="position" intvalue="500"/>
                <attr name="templateWizardURL" urlvalue="nbresloc:/org/cakephp/netbeans/resources/templates/cakephp2/ShellDescription.html"/>
                <attr name="javax.script.ScriptEngine" stringvalue="freemarker"/>
            </file>
            <file name="Task.php" url="templates/cakephp2/Task.php">
                <attr name="displayName" bundlevalue="org.cakephp.netbeans.resources.Bundle#Templates/CakePHP/Task.php"/>
                <attr name="template" boolvalue="true"/>
                <attr name="SystemFileSystem.localizingBundle" stringvalue="org.cakephp.netbeans.resources.Bundle"/>
                <attr name="SystemFileSystem.icon" urlvalue="nbresloc:/org/cakephp/netbeans/resources/php_icon.png"/>
                <attr name="position" intvalue="600"/>
                <attr name="templateWizardURL" urlvalue="nbresloc:/org/cakephp/netbeans/resources/templates/cakephp2/TaskDescription.html"/>
                <attr name="javax.script.ScriptEngine" stringvalue="freemarker"/>
            </file>
        </folder>
    </folder>
    <!--Palete should be used @PaletteItemRegistrations but there is a problem when we build a module at the moment-->
    <folder name="Palettes">
        <folder name="PHP">
            <folder name="baserCMS3">
                <attr name="displayName" bundlevalue="org.cakephp.netbeans.basercms.palette.Bundle#Palettes/PHP/baserCMS3"/>
                <file name="charset.xml" url="../basercms/palette/charset.xml"/>
                <file name="contentsName.xml" url="../basercms/palette/contentsName.xml"/>
                <file name="css.xml" url="../basercms/palette/css.xml"/>
                <file name="docType.xml" url="../basercms/palette/docType.xml"/>
                <file name="element.xml" url="../basercms/palette/element.xml"/>
                <file name="footer.xml" url="../basercms/palette/footer.xml"/>
                <file name="func.xml" url="../basercms/palette/func.xml"/>
                <file name="icon.xml" url="../basercms/palette/icon.xml"/>
                <file name="img.xml" url="../basercms/palette/img.xml"/>
                <file name="js.xml" url="../basercms/palette/js.xml"/>
                <file name="link.xml" url="../basercms/palette/link.xml"/>
                <file name="metaDescription.xml" url="../basercms/palette/metaDescription.xml"/>
                <file name="metaKeywords.xml" url="../basercms/palette/metaKeywords.xml"/>
                <file name="scripts.xml" url="../basercms/palette/scripts.xml"/>
                <file name="title.xml" url="../basercms/palette/title.xml"/>
                <file name="xmlHeader.xml" url="../basercms/palette/xmlHeader.xml"/>
            </folder>
        </folder>
    </folder>
    <folder name="org-cakephp-netbeans">
        <file name="favicon.ico" url="favicon.ico"/>
        <file name="bootstrap_phpunit.php" url="bootstrap_phpunit.php"/>
        <file name="NetBeansSuite.php" url="NetBeansSuite.php"/>
        <file name="phpunit.php" url="phpunit.php"/>
    </folder>
</filesystem>
